{"year":2023,"total_time":5236636.884340048,"time_by_language":[["Rust",1007226.782271862],["Vue.js",888036.601695776],["Java",810719.0718212128],["TypeScript",505751.3118546009],["C++",464381.2109634876],["Python",353053.14702653885],["C#",269901.7347037792],["JavaScript",226107.79260849953],["Go",210476.36338448524],["Swift",206439.8586821556],["JSON",199942.76388669014],["TeX",175512.0804321766],["XML",172504.4118628502],["YAML",114523.40770673752],["Assembly",77260.23097014427]],"time_by_project":[["cinea-os",483062.5614068508],["leetcode",381621.8278133869],["forum-web",250949.83776474],["os-filesystem",241148.2691090107],["igem-wiki-tongji-software-2023",226721.48710632324],["forum-system",224324.94799923897],["QQ-Bot-Central",178372.64493489265],["cinema-system",177939.1199645996],["04-cinea-os",155039.30613470078],["java-project-analyser-cli",139079.27944517136],["fund-system",127425.3659992218],["Cinema",106562.09320688248],["OS课设文档",91326.53882026672],["Tongji-AdvancedProgramming-Forum",81385.82292366028],["TuShuoXinYu",75213.3383409977]],"time_by_month":[[10,636791.484014988],[7,634402.0947122574],[8,609262.3827893734],[9,609000.59319067],[11,539252.672494173],[6,422161.53671336174],[4,412396.82628154755],[5,346592.6578462124],[1,296585.0843014717],[12,274909.3473010063],[3,230724.41824173927],[2,223705.65281915665]],"time_by_month_day":[[11,227032.51076197624],[17,213489.02877736092],[14,212293.81037211418],[21,206122.43678474426],[23,205719.42301893234],[9,203490.8501315117],[8,199508.70235061646],[13,197381.47995567322],[15,190626.54374408722],[24,183882.0894382],[10,182642.20089125633],[19,181493.6068496704],[4,179799.02009010315],[7,179606.96515393257],[12,175668.91570973396],[16,174948.41512060165],[5,171439.46664190292],[25,166090.9597876072],[6,165775.26079154015],[22,162388.07611894608],[27,155189.24014687538],[26,148236.52222943306],[3,147224.0156931877],[20,145709.5812268257],[18,138456.5217549801],[1,132491.00251841545],[28,128119.99797654152],[30,124922.99009013176],[2,123071.84462714195],[29,108540.51427721977],[31,82745.67866325378]],"time_by_weekday":[["Thu",866655.0098700523],["Mon",807346.1349453926],["Tue",786958.1530854702],["Fri",753596.5834088326],["Wed",701836.292611599],["Sun",675639.8636202812],["Sat",622075.6341528893]],"time_by_day":[[295,44538.71229982376],[141,40851.25800013542],[302,38413.49122595787],[165,37614.656040906906],[288,37412.579109191895]],"time_by_hours":[[10,336195.3045465946],[11,280798.4367144108],[0,280415.33465218544],[9,176607.11699604988],[1,169532.9045855999],[12,146047.8123371601],[8,133603.2435464859],[2,100278.84539699554],[3,51737.384879112244],[4,12180.960903167725],[7,3854.2816903591156],[5,3299.0081622600555],[6,353.005108833313]],"late_night_time":[[213,15585.920000076294],[23,13549.038572072983],[231,13478.942533016205],[294,12819.302649259567],[302,12574.636000156403],[248,12437.111000061035],[267,12160.854000091553],[215,12027.023999929428],[296,11945.696213960648],[295,11097.250299930573],[165,10890.664999961853],[266,9956.676999807358],[159,9931.828000307083],[319,9908.712370872498],[293,9817.766000032425],[107,9474.405112028122],[195,9302.574890851974],[167,9170.200380086899],[207,9115.164728164673],[288,8918.186636209488],[300,8530.362405061722],[308,8464.305000066757],[216,8396.203000068665],[194,8370.432000160217],[210,8313.653000116348],[225,8086.014999866486],[297,7941.476999998093],[128,7847.841000080109],[310,7847.065999984741],[343,7798.067000389099],[166,7299.075843811035],[35,7120.7141489982605],[315,7083.672243833542],[311,6985.842000007629],[105,6876.4016189575195],[147,6403.296999931335],[307,6208.9659996032715],[168,6035.861000299454],[316,6011.266999959946],[152,5955.3213658332825],[155,5659.452431917191],[351,5541.273999929428],[160,5332.371999979019],[10,4969.751251935959],[338,4920.493999958038],[153,4862.726999998093],[309,4788.794999837875],[25,4735.2866179943085],[223,4555.003000020981],[212,4450.539999961853],[28,4379.08186006546],[26,4212.680952072144],[12,4098.217939853668],[192,4088.8634781837463],[27,3991.7348670959473],[329,3985.0759999752045],[263,3969.7549998760223],[292,3813.385999917984],[38,3782.4048249721527],[261,3781.496999979019],[303,3779.2409999370575],[222,3778.3440001010895],[31,3726.2991540431976],[82,3711.902027130127],[158,3550.8529999256134],[260,3487.6740000247955],[11,3487.2968940734863],[196,3394.1040000915527],[298,3361.122761964798],[211,3287.880000114441],[130,3282.4670000076294],[102,3222.1821341514587],[230,3178.5407688617706],[214,3135.869000196457],[262,3119.3349997997284],[197,3119.234878063202],[335,3058.9453320503235],[336,2956.15700006485],[327,2933.5661759376526],[342,2925.5449998378754],[205,2893.856831073761],[304,2893.06600022316],[291,2857.6130001544952],[183,2805.1019999980927],[287,2676.159999847412],[322,2583.0763659477234],[34,2477.3195090293884],[157,2381.992000102997],[104,2357.88383102417],[77,2332.806869983673],[333,2319.572000026703],[337,2283.3410000801086],[175,2263.7955520153046],[242,2129.2880001068115],[33,2121.754667043686],[24,2067.7065839767456],[326,1988.140774011612],[258,1986.1839997768402],[271,1958.74799990654],[301,1936.8880002498627],[219,1936.12299990654],[251,1850.2000000476837],[226,1817.7330000400543],[238,1777.0955300331116],[150,1722.5033440589905],[178,1720.5861778259277],[140,1715.3780000209808],[234,1703.7720000743866],[180,1666.286644935608],[206,1614.7876932621002],[29,1600.578588962555],[252,1567.983000278473],[224,1557.6740000247955],[151,1501.0720000267029],[344,1468.401999950409],[48,1465.3960590362549],[112,1463.5100002288818],[232,1454.2179999351501],[209,1440.2640001773834],[321,1436.8450002670288],[69,1410.4578161239624],[30,1409.660574913025],[202,1406.6340670585632],[228,1382.3556590080261],[282,1376.130000114441],[162,1369.108022928238],[246,1366.6015300750732],[259,1299.9690001010895],[239,1272.4165170192719],[236,1181.252613067627],[328,1131.7670001983643],[331,1048.8137319087982],[32,1045.506577014923],[237,1028.3610000610352],[185,966.864000082016],[163,926.2588880062103],[257,897.6339998245239],[189,861.7499141693115],[19,844.4566521644592],[286,837.2850000858307],[348,747.3239998817444],[141,745.7200000286102],[270,743.1099998950958],[318,729.9059660434723],[323,652.5210001468658],[193,632.7080001831055],[137,612.9775331020355],[115,570.364000082016],[299,535.8519999980927],[283,508.8639998435974],[171,452.0020000934601],[264,451.4739999771118],[47,374.88447999954224],[275,348.7720000743866],[99,324.23493480682373],[244,231.01906204223633],[142,215.8510000705719],[289,145.7480001449585],[269,133.8989999294281],[186,99.3140001296997],[273,97.79800009727478],[350,93.53600001335144],[45,80.0364899635315],[227,59.94200015068054],[114,52.66100001335144],[148,18.66599988937378],[345,17.151000022888184],[249,12.812215089797974],[229,2.1776020526885986],[120,1.6689999103546143]]}